{"cameraMode":{"drawMode":0,"name":"Shaded","section":"Shading Mode"},"sceneLighting":false,"audioPlay":false,"sceneViewState":{"showFog":true,"showMaterialUpdate":true,"showSkybox":true,"showFlares":true,"showImageEffects":true,"showParticleSystems":true},"in2DMode":false,"pivot":{"x":-0.00025004148483276367,"y":0.23839829862117768,"z":0.00427333265542984},"rotation":{"x":-0.13608387112617494,"y":0.4993531405925751,"z":-0.07975587248802185,"w":-0.851919412612915},"size":1.2137113809585572,"orthographic":true}