{"cameraMode":{"drawMode":0,"name":"Shaded","section":"Shading Mode"},"sceneLighting":true,"audioPlay":false,"sceneViewState":{"showFog":true,"showMaterialUpdate":true,"showSkybox":true,"showFlares":true,"showImageEffects":true,"showParticleSystems":true},"in2DMode":false,"pivot":{"x":-0.0096435546875,"y":0.1510009765625,"z":0.08837890625},"rotation":{"x":-0.13608385622501374,"y":0.4993531107902527,"z":-0.07975586503744126,"w":-0.8519193530082703},"size":0.8790627121925354,"orthographic":true}