{"cameraMode":{"drawMode":0,"name":"Shaded","section":"Shading Mode"},"sceneLighting":true,"audioPlay":false,"sceneViewState":{"showFog":true,"showMaterialUpdate":true,"showSkybox":true,"showFlares":true,"showImageEffects":true,"showParticleSystems":true},"in2DMode":false,"pivot":{"x":-0.0096435546875,"y":0.1510009765625,"z":0.08837890625},"rotation":{"x":-0.19131256639957429,"y":0.3509036898612976,"z":-0.07346319407224655,"w":-0.9137117862701416},"size":0.9562380909919739,"orthographic":true}