{"cameraMode":{"drawMode":0,"name":"Shaded","section":"Shading Mode"},"sceneLighting":true,"audioPlay":false,"sceneViewState":{"showFog":false,"showMaterialUpdate":false,"showSkybox":false,"showFlares":false,"showImageEffects":false,"showParticleSystems":false},"in2DMode":false,"pivot":{"x":-8.236577033996582,"y":-7.090878486633301,"z":8.453532218933106},"rotation":{"x":0.30372703075408938,"y":-0.3148268163204193,"z":0.1070980504155159,"w":0.8928404450416565},"size":19.053327560424806,"orthographic":false}