{"cameraMode":{"drawMode":0,"name":"Shaded","section":"Shading Mode"},"sceneLighting":false,"audioPlay":false,"sceneViewState":{"showFog":true,"showMaterialUpdate":false,"showSkybox":true,"showFlares":true,"showImageEffects":true,"showParticleSystems":true},"in2DMode":false,"pivot":{"x":-49.0999870300293,"y":1039.780029296875,"z":-805.6099853515625},"rotation":{"x":0.029067642986774446,"y":0.9581655263900757,"z":-0.2645595967769623,"w":0.10527196526527405},"size":2291.8505859375,"orthographic":true}